{
  "arm": "prompt_only",
  "concept": "days_of_week",
  "iters": 120,
  "final_kl": 0.19320686322947342,
  "first_kl": 0.025539958849549294,
  "wall_s": 30.1,
  "n_train": 90
}
