{
  "arm": "linear",
  "concept": "days_of_week",
  "iters": 120,
  "final_kl": 0.04293425561239322,
  "first_kl": 0.291033536195755,
  "wall_s": 30.1,
  "n_train": 90
}
