{
  "arm": "gated_manifold",
  "concept": "education",
  "iters": 120,
  "final_kl": 0.3719086781144142,
  "first_kl": 0.2749291658401489,
  "wall_s": 30.1,
  "n_train": 70
}
